filename,label,group
BloodImage_00127__BloodImage_00127_01788_RBC.png,RBC,BloodImage_00127
BloodImage_00127__BloodImage_00127_01789_RBC.png,RBC,BloodImage_00127
BloodImage_00127__BloodImage_00127_01790_RBC.png,RBC,BloodImage_00127
BloodImage_00127__BloodImage_00127_01791_RBC.png,RBC,BloodImage_00127
BloodImage_00127__BloodImage_00127_01792_RBC.png,RBC,BloodImage_00127
BloodImage_00127__BloodImage_00127_01793_WBC.png,WBC,BloodImage_00127
BloodImage_00127__BloodImage_00127_01794_Platelets.png,Platelets,BloodImage_00127
BloodImage_00314__BloodImage_00314_03713_RBC.png,RBC,BloodImage_00314
BloodImage_00314__BloodImage_00314_03714_RBC.png,RBC,BloodImage_00314
BloodImage_00314__BloodImage_00314_03715_RBC.png,RBC,BloodImage_00314
BloodImage_00314__BloodImage_00314_03716_RBC.png,RBC,BloodImage_00314
BloodImage_00314__BloodImage_00314_03717_RBC.png,RBC,BloodImage_00314
BloodImage_00314__BloodImage_00314_03718_RBC.png,RBC,BloodImage_00314
BloodImage_00314__BloodImage_00314_03719_RBC.png,RBC,BloodImage_00314
BloodImage_00314__BloodImage_00314_03720_RBC.png,RBC,BloodImage_00314
BloodImage_00314__BloodImage_00314_03721_RBC.png,RBC,BloodImage_00314
BloodImage_00314__BloodImage_00314_03722_RBC.png,RBC,BloodImage_00314
BloodImage_00314__BloodImage_00314_03723_Platelets.png,Platelets,BloodImage_00314
BloodImage_00314__BloodImage_00314_03724_Platelets.png,Platelets,BloodImage_00314
BloodImage_00314__BloodImage_00314_03725_Platelets.png,Platelets,BloodImage_00314
BloodImage_00314__BloodImage_00314_03726_Platelets.png,Platelets,BloodImage_00314
BloodImage_00314__BloodImage_00314_03727_Platelets.png,Platelets,BloodImage_00314
BloodImage_00314__BloodImage_00314_03728_WBC.png,WBC,BloodImage_00314
BloodImage_00159__BloodImage_00159_01985_RBC.png,RBC,BloodImage_00159
BloodImage_00159__BloodImage_00159_01986_RBC.png,RBC,BloodImage_00159
BloodImage_00159__BloodImage_00159_01987_RBC.png,RBC,BloodImage_00159
BloodImage_00159__BloodImage_00159_01988_RBC.png,RBC,BloodImage_00159
BloodImage_00159__BloodImage_00159_01989_RBC.png,RBC,BloodImage_00159
BloodImage_00159__BloodImage_00159_01990_Platelets.png,Platelets,BloodImage_00159
BloodImage_00159__BloodImage_00159_01991_Platelets.png,Platelets,BloodImage_00159
BloodImage_00159__BloodImage_00159_01992_Platelets.png,Platelets,BloodImage_00159
BloodImage_00159__BloodImage_00159_01993_WBC.png,WBC,BloodImage_00159
BloodImage_00395__BloodImage_00395_04666_RBC.png,RBC,BloodImage_00395
BloodImage_00395__BloodImage_00395_04667_RBC.png,RBC,BloodImage_00395
BloodImage_00395__BloodImage_00395_04668_RBC.png,RBC,BloodImage_00395
BloodImage_00395__BloodImage_00395_04669_RBC.png,RBC,BloodImage_00395
BloodImage_00395__BloodImage_00395_04670_RBC.png,RBC,BloodImage_00395
BloodImage_00395__BloodImage_00395_04671_RBC.png,RBC,BloodImage_00395
BloodImage_00395__BloodImage_00395_04672_RBC.png,RBC,BloodImage_00395
BloodImage_00395__BloodImage_00395_04673_RBC.png,RBC,BloodImage_00395
BloodImage_00395__BloodImage_00395_04674_RBC.png,RBC,BloodImage_00395
BloodImage_00395__BloodImage_00395_04675_RBC.png,RBC,BloodImage_00395
BloodImage_00395__BloodImage_00395_04676_RBC.png,RBC,BloodImage_00395
BloodImage_00395__BloodImage_00395_04677_RBC.png,RBC,BloodImage_00395
BloodImage_00395__BloodImage_00395_04678_RBC.png,RBC,BloodImage_00395
BloodImage_00395__BloodImage_00395_04679_RBC.png,RBC,BloodImage_00395
BloodImage_00395__BloodImage_00395_04680_WBC.png,WBC,BloodImage_00395
BloodImage_00395__BloodImage_00395_04681_Platelets.png,Platelets,BloodImage_00395
BloodImage_00395__BloodImage_00395_04682_Platelets.png,Platelets,BloodImage_00395
BloodImage_00246__BloodImage_00246_02974_RBC.png,RBC,BloodImage_00246
BloodImage_00246__BloodImage_00246_02975_RBC.png,RBC,BloodImage_00246
BloodImage_00246__BloodImage_00246_02976_RBC.png,RBC,BloodImage_00246
BloodImage_00246__BloodImage_00246_02977_RBC.png,RBC,BloodImage_00246
BloodImage_00246__BloodImage_00246_02978_RBC.png,RBC,BloodImage_00246
BloodImage_00246__BloodImage_00246_02979_RBC.png,RBC,BloodImage_00246
BloodImage_00246__BloodImage_00246_02980_RBC.png,RBC,BloodImage_00246
BloodImage_00246__BloodImage_00246_02981_RBC.png,RBC,BloodImage_00246
BloodImage_00246__BloodImage_00246_02982_RBC.png,RBC,BloodImage_00246
BloodImage_00246__BloodImage_00246_02983_RBC.png,RBC,BloodImage_00246
BloodImage_00246__BloodImage_00246_02984_RBC.png,RBC,BloodImage_00246
BloodImage_00246__BloodImage_00246_02985_RBC.png,RBC,BloodImage_00246
BloodImage_00246__BloodImage_00246_02986_Platelets.png,Platelets,BloodImage_00246
BloodImage_00246__BloodImage_00246_02987_WBC.png,WBC,BloodImage_00246
BloodImage_00402__BloodImage_00402_04749_RBC.png,RBC,BloodImage_00402
BloodImage_00402__BloodImage_00402_04750_RBC.png,RBC,BloodImage_00402
BloodImage_00402__BloodImage_00402_04751_RBC.png,RBC,BloodImage_00402
BloodImage_00402__BloodImage_00402_04752_RBC.png,RBC,BloodImage_00402
BloodImage_00402__BloodImage_00402_04753_RBC.png,RBC,BloodImage_00402
BloodImage_00402__BloodImage_00402_04754_RBC.png,RBC,BloodImage_00402
BloodImage_00402__BloodImage_00402_04755_RBC.png,RBC,BloodImage_00402
BloodImage_00402__BloodImage_00402_04756_RBC.png,RBC,BloodImage_00402
BloodImage_00402__BloodImage_00402_04757_RBC.png,RBC,BloodImage_00402
BloodImage_00402__BloodImage_00402_04758_RBC.png,RBC,BloodImage_00402
BloodImage_00402__BloodImage_00402_04759_RBC.png,RBC,BloodImage_00402
BloodImage_00402__BloodImage_00402_04760_RBC.png,RBC,BloodImage_00402
BloodImage_00402__BloodImage_00402_04761_RBC.png,RBC,BloodImage_00402
BloodImage_00402__BloodImage_00402_04762_Platelets.png,Platelets,BloodImage_00402
BloodImage_00402__BloodImage_00402_04763_WBC.png,WBC,BloodImage_00402
BloodImage_00261__BloodImage_00261_03106_RBC.png,RBC,BloodImage_00261
BloodImage_00261__BloodImage_00261_03107_RBC.png,RBC,BloodImage_00261
BloodImage_00261__BloodImage_00261_03108_RBC.png,RBC,BloodImage_00261
BloodImage_00261__BloodImage_00261_03109_RBC.png,RBC,BloodImage_00261
BloodImage_00261__BloodImage_00261_03110_RBC.png,RBC,BloodImage_00261
BloodImage_00261__BloodImage_00261_03111_RBC.png,RBC,BloodImage_00261
BloodImage_00261__BloodImage_00261_03112_RBC.png,RBC,BloodImage_00261
BloodImage_00261__BloodImage_00261_03113_RBC.png,RBC,BloodImage_00261
BloodImage_00261__BloodImage_00261_03114_Platelets.png,Platelets,BloodImage_00261
BloodImage_00261__BloodImage_00261_03115_WBC.png,WBC,BloodImage_00261
BloodImage_00145__BloodImage_00145_01915_RBC.png,RBC,BloodImage_00145
BloodImage_00145__BloodImage_00145_01916_RBC.png,RBC,BloodImage_00145
BloodImage_00145__BloodImage_00145_01917_RBC.png,RBC,BloodImage_00145
BloodImage_00145__BloodImage_00145_01918_RBC.png,RBC,BloodImage_00145
BloodImage_00145__BloodImage_00145_01919_RBC.png,RBC,BloodImage_00145
BloodImage_00145__BloodImage_00145_01920_RBC.png,RBC,BloodImage_00145
BloodImage_00145__BloodImage_00145_01921_RBC.png,RBC,BloodImage_00145
BloodImage_00145__BloodImage_00145_01922_RBC.png,RBC,BloodImage_00145
BloodImage_00145__BloodImage_00145_01923_RBC.png,RBC,BloodImage_00145
BloodImage_00145__BloodImage_00145_01924_RBC.png,RBC,BloodImage_00145
BloodImage_00145__BloodImage_00145_01925_Platelets.png,Platelets,BloodImage_00145
BloodImage_00145__BloodImage_00145_01926_Platelets.png,Platelets,BloodImage_00145
BloodImage_00145__BloodImage_00145_01927_Platelets.png,Platelets,BloodImage_00145
BloodImage_00145__BloodImage_00145_01928_WBC.png,WBC,BloodImage_00145
